,holiday,workingday,temp,atemp,humidity,windspeed,count,weekdaydata,weather_1.0,weather_2.0,season_1.0,season_2.0,season_3.0,day_of_week_0.0,day_of_week_1.0,day_of_week_2.0,day_of_week_3.0,day_of_week_4.0,day_of_week_5.0,month_1.0,month_2.0,month_3.0,month_4.0,month_5.0,month_6.0,month_7.0,month_8.0,month_9.0,month_10.0,month_11.0
0,0.0,1.0,0.6237984004347147,0.6501056228195711,0.9206640387013577,-0.9287579609233578,6073.0,False,0,1,0,1,0,0,0,1,0,0,0,0,0,0,0,1,0,0,0,0,0,0
1,0.0,1.0,-0.1803103987409734,-0.0547585456750225,0.6968518804599256,-0.21350154950424685,6606.0,False,1,0,0,0,0,0,0,1,0,0,0,0,0,0,0,0,0,0,0,0,0,0
2,0.0,1.0,0.8024892446959787,0.8514953852465978,-0.4483829972641412,0.8039258364827959,7363.0,False,1,0,0,1,0,0,0,0,0,1,0,0,0,0,0,0,1,0,0,0,0,0
3,0.0,0.0,-1.5204917307004537,-1.565181763877723,-0.33211340771796516,-0.26909937284281815,2431.0,True,1,0,0,0,0,1,0,0,0,0,0,0,0,0,0,0,0,0,0,0,0,0
4,0.0,1.0,0.5344529783040827,0.34802097917903096,1.9757894613244495,-1.199027287892882,1996.0,False,0,0,0,0,1,0,0,0,1,0,0,0,0,0,0,0,0,0,0,1,0,0
5,0.0,1.0,0.6237984004347147,0.6501056228195711,0.4410615738726795,1.9406009676994647,4451.0,False,0,1,0,1,0,0,0,1,0,0,0,0,0,0,0,1,0,0,0,0,0,0
6,0.0,1.0,-0.8950737757860295,-0.8603175953831295,-2.095459942113233,2.0066537380474503,5315.0,False,1,0,0,0,0,0,0,0,0,1,0,0,0,0,0,0,0,0,0,0,0,1
7,0.0,1.0,0.5344529783040827,0.6501056228195711,-0.884385238017485,1.0026720785321719,4891.0,False,1,0,0,1,0,0,0,1,0,0,0,0,0,0,0,0,1,0,0,0,0,0
8,0.0,0.0,0.5344529783040827,0.6501056228195711,-0.9221674481922069,0.7245295885335533,8714.0,True,1,0,0,0,1,0,0,0,0,0,0,0,0,0,0,0,0,0,0,1,0,0
9,0.0,1.0,1.1598709332185069,1.0528851476736245,-0.09958120466146622,-0.26920162171332596,7347.0,False,1,0,0,0,1,0,0,0,1,0,0,0,0,0,0,0,0,0,1,0,0,0
10,0.0,0.0,0.8024892446959787,0.7508005040330845,1.4787469068656376,0.48599575474786205,5255.0,True,0,1,0,0,1,1,0,0,0,0,0,0,0,0,0,0,0,0,1,0,0,0
11,0.0,0.0,1.1598709332185069,1.0528851476736245,-0.5029216455554958,1.454816583917299,4334.0,True,1,0,0,0,1,1,0,0,0,0,0,0,0,0,0,0,0,0,1,0,0,0
12,0.0,1.0,-1.3418008864391897,-1.4644868826642097,-0.9686766792178475,0.5098580849026008,2210.0,False,1,0,0,1,0,0,0,0,0,0,1,0,0,1,0,0,0,0,0,0,0,0
13,0.0,1.0,0.4451075561734507,0.5494107416060577,-0.79427578291651,0.4938816988857698,7384.0,False,1,0,0,1,0,0,0,0,0,1,0,0,0,0,0,1,0,0,0,0,0,0
14,0.0,0.0,-0.44834666513286947,-0.35684318931556264,0.7491721493503268,-1.167176764729728,4381.0,True,1,0,0,0,0,1,0,0,0,0,0,0,0,0,0,0,0,0,0,0,1,0
15,0.0,0.0,0.5344529783040827,0.5494107416060577,-0.6024347969850388,0.430244558103529,8227.0,True,1,0,0,0,1,1,0,0,0,0,0,0,0,0,0,0,0,0,0,1,0,0
16,0.0,0.0,-0.9844191979166615,-0.9610124765966428,-0.27398210096280373,0.3826860522086269,2132.0,True,1,0,1,0,0,0,0,0,0,0,0,0,0,1,0,0,0,0,0,0,0,0
17,0.0,1.0,0.35576213404281865,0.44871586039254435,-0.79427578291651,-1.2625110553693613,7767.0,False,1,0,0,0,1,0,0,1,0,0,0,0,0,0,0,0,0,0,0,1,0,0
18,0.0,1.0,-0.5376920872635015,-0.5582329517425894,-1.581988823222835,2.862540689741113,4569.0,False,0,1,1,0,0,0,0,0,0,0,1,0,0,1,0,0,0,0,0,0,0,0
19,0.0,0.0,-0.8950737757860295,-0.8603175953831295,1.6996570341926163,-0.7381149418617188,2455.0,True,0,1,0,1,0,0,0,0,0,0,0,0,0,0,1,0,0,0,0,0,0,0
20,0.0,1.0,-0.8950737757860295,-0.7596227141696161,-0.14027242178649438,-1.1194648855290643,5146.0,False,1,0,0,0,0,0,0,0,1,0,0,0,0,0,0,0,0,0,0,0,0,1
21,0.0,0.0,-0.9844191979166615,-0.9610124765966428,-0.704166327815535,-0.14986440872200638,5107.0,True,1,0,0,0,0,1,0,0,0,0,0,0,0,0,0,0,0,0,0,0,0,1
22,1.0,0.0,-1.0737646200472937,-1.0617073578101561,-0.8852642185348436,0.6215649759322821,1317.0,False,1,0,1,0,0,0,1,0,0,0,0,0,0,0,0,0,0,0,0,0,0,0
23,0.0,1.0,-1.8778734192229818,-1.8672664075182632,-0.21003278030702938,-0.04654192507395774,1501.0,False,0,1,1,0,0,0,1,0,0,0,0,1,0,0,0,0,0,0,0,0,0,0
24,0.0,1.0,-0.5376920872635015,-0.5582329517425894,2.347849357457872,0.9629483923399237,705.0,False,0,0,0,0,0,0,0,0,1,0,0,0,0,0,0,0,0,0,0,0,0,0
25,0.0,1.0,-0.26965582087160544,-0.15545342688853586,-1.0093678963428756,0.21573920888715126,5298.0,False,1,0,1,0,0,0,1,0,0,0,0,0,0,1,0,0,0,0,0,0,0,0
26,0.0,1.0,-0.5376920872635015,-0.5582329517425894,0.05737960200973703,2.5208633078307616,1795.0,False,0,1,0,1,0,0,0,1,0,0,0,0,0,0,1,0,0,0,0,0,0,0
27,0.0,0.0,0.08772586765092262,0.2473260979655176,-0.015282787425251907,-1.4851196275734757,4333.0,True,1,0,0,1,0,1,0,0,0,0,0,0,0,0,0,1,0,0,0,0,0,0
28,1.0,0.0,1.1598709332185069,1.153580028887138,1.095064935002695,-0.5075693010844424,6034.0,False,1,0,0,0,1,0,1,0,0,0,0,0,0,0,0,0,0,0,0,1,0,0
29,0.0,0.0,-0.8057283536553975,-0.8603175953831295,0.4341134421640346,0.7375407573056606,801.0,True,0,1,1,0,0,1,0,0,0,0,0,1,0,0,0,0,0,0,0,0,0,0
30,0.0,0.0,0.6237984004347147,0.6501056228195711,-0.40187376623850013,0.43818162667669075,6118.0,True,1,0,0,1,0,1,0,0,0,0,0,0,0,0,0,1,0,0,0,0,0,0
31,0.0,1.0,-1.6991825749617178,-1.6658766450912363,1.1104819742357346,-0.8631525293838435,1167.0,False,0,1,1,0,0,0,0,0,0,0,1,1,0,0,0,0,0,0,0,0,0,0
32,0.0,1.0,-1.3418008864391897,-1.4644868826642097,1.9845095061395164,0.342693962731296,1685.0,False,0,0,0,1,0,0,0,0,0,1,0,0,0,1,0,0,0,0,0,0,0,0
33,0.0,0.0,-0.9844191979166615,-1.0617073578101561,-0.8000868207812697,-0.022641251592778636,3926.0,True,1,0,0,0,0,0,0,0,0,0,0,0,0,0,0,0,0,0,0,0,0,1
34,0.0,1.0,-1.0737646200472937,-1.0617073578101561,0.15203743248625168,-0.0833898617831764,2056.0,False,0,1,1,0,0,0,0,1,0,0,0,0,0,1,0,0,0,0,0,0,0,0
35,1.0,0.0,1.2492163553491389,1.153580028887138,0.02831743665008247,-1.3976712810717502,6043.0,False,0,1,0,0,1,0,1,0,0,0,0,0,0,0,0,0,0,1,0,0,0,0
36,0.0,1.0,-0.44834666513286947,-0.35684318931556264,2.0310187371651574,-0.006715990011201673,5170.0,False,0,1,0,0,0,0,1,0,0,0,0,0,0,0,0,0,0,0,0,0,0,0
37,0.0,1.0,0.9811800889572427,0.9521902664601112,0.9526421870471717,-0.2531741112612412,4835.0,False,0,1,0,0,1,0,0,1,0,0,0,0,0,0,0,0,1,0,0,0,0,0
38,0.0,1.0,-0.6270375093941335,-0.5582329517425894,-0.46000507299366256,0.5577361185178394,4773.0,False,1,0,1,0,0,0,0,0,1,0,0,0,1,0,0,0,0,0,0,0,0,0
39,0.0,1.0,0.8918346668266107,0.8514953852465978,0.545702111653484,0.23160056492466086,4338.0,False,1,0,0,0,1,0,1,0,0,0,0,0,0,0,0,0,0,0,1,0,0,0
40,0.0,1.0,1.1598709332185069,1.153580028887138,0.30444986378191624,-0.6346390849079084,7580.0,False,1,0,0,0,1,0,0,0,1,0,0,0,0,0,0,0,0,0,1,0,0,0
41,0.0,1.0,1.785288888132931,1.6570544349547047,-1.2767872546954944,-0.5712064418666832,6207.0,False,1,0,0,0,1,0,0,0,0,0,1,0,0,0,0,0,0,1,0,0,0,0
42,0.0,1.0,1.1598709332185069,1.0528851476736245,-0.3030442663224588,-1.4534224777160833,7713.0,False,1,0,0,0,1,0,0,0,0,1,0,0,0,0,0,0,0,0,1,0,0,0
43,0.0,0.0,-1.0737646200472937,-1.0617073578101561,0.13876901229564562,0.08068123205526964,2252.0,True,0,1,0,1,0,0,0,0,0,0,0,0,0,0,1,0,0,0,0,0,0,0
44,0.0,1.0,0.6237984004347147,0.5494107416060577,1.6647768549323487,2.1312951111963576,4073.0,False,0,1,0,0,1,0,0,1,0,0,0,0,0,0,0,0,0,0,0,1,0,0
45,0.0,1.0,-0.9844191979166615,-0.9610124765966428,-0.6402239831956125,-0.2930128274328107,4098.0,False,1,0,1,0,0,0,0,0,0,0,1,1,0,0,0,0,0,0,0,0,0,0
46,0.0,0.0,0.08772586765092262,0.2473260979655176,-1.163426672099625,0.4144215453924599,7907.0,True,1,0,0,0,0,1,0,0,0,0,0,0,0,0,0,0,0,0,0,1,0,0
47,0.0,1.0,-0.1803103987409734,-0.0547585456750225,-0.305953273272765,0.47817371615402166,4608.0,False,1,0,0,1,0,0,0,0,0,0,1,0,0,0,0,1,0,0,0,0,0,0
48,0.0,1.0,-0.8057283536553975,-0.8603175953831295,-1.6604692265584369,0.03302047728986005,4363.0,False,1,0,1,0,0,0,0,1,0,0,0,0,1,0,0,0,0,0,0,0,0,0
49,0.0,0.0,-0.7163829315247655,-0.5582329517425894,1.8944070270743942,-0.41996758127695544,3228.0,True,0,1,0,0,0,1,0,0,0,0,0,0,0,0,0,0,0,0,0,0,0,0
50,0.0,1.0,-0.8950737757860295,-0.8603175953831295,-0.7157953795809081,-0.11801388555885209,4169.0,False,1,0,1,0,0,0,0,0,1,0,0,0,1,0,0,0,0,0,0,0,0,0
51,0.0,0.0,-0.8950737757860295,-0.7596227141696161,-0.5646456107744651,0.2713242511169091,4067.0,True,1,0,0,0,0,0,0,0,0,0,0,0,0,0,0,0,0,0,0,0,0,1
52,0.0,1.0,-0.7163829315247655,-0.6589278329561027,1.1793633522389104,-0.12610432743777553,4097.0,False,0,1,1,0,0,0,0,0,0,1,0,1,0,0,0,0,0,0,0,0,0,0
53,0.0,1.0,-1.9672188413536138,-2.06865616994529,-1.1401685685688778,1.4080505067688314,1406.0,False,1,0,1,0,0,0,0,0,0,1,0,1,0,0,0,0,0,0,0,0,0,0
54,0.0,1.0,-0.0016195544797093877,0.14663121675200425,-0.983207761897675,-0.6189822266114141,7436.0,False,1,0,0,0,0,0,1,0,0,0,0,0,0,0,0,0,0,0,0,1,0,0
55,0.0,1.0,0.35576213404281865,0.44871586039254435,-0.884385238017485,-0.968443303789166,6312.0,False,1,0,1,0,0,0,0,0,1,0,0,0,0,1,0,0,0,0,0,0,0,0
56,0.0,1.0,0.8024892446959787,0.7508005040330845,0.5776802599992961,-0.22926065667124895,6770.0,False,1,0,0,1,0,0,0,0,0,1,0,0,0,0,0,1,0,0,0,0,0,0
57,0.0,1.0,-1.6098371528310857,-1.6658766450912363,-0.39315372142343374,-0.45995967075428634,2729.0,False,0,1,1,0,0,0,1,0,0,0,0,0,0,0,0,0,0,0,0,0,0,0
58,0.0,1.0,1.517252621741035,1.5563595537411914,-0.4193138558686344,-0.10213974841252904,5823.0,False,1,0,0,0,1,0,0,0,0,0,1,0,0,0,0,0,1,0,0,0,0,0
59,0.0,0.0,1.0705255110878749,1.153580028887138,0.45559963258835884,-0.6026863128742467,6969.0,True,0,1,0,0,1,0,0,0,0,0,0,0,0,0,0,0,0,1,0,0,0,0
60,0.0,0.0,0.9811800889572427,0.9521902664601112,1.507816048261145,2.3617385031031257,1115.0,True,0,1,0,0,1,0,0,0,0,0,0,0,0,0,0,0,0,0,1,0,0,0
61,0.0,1.0,0.5344529783040827,0.5494107416060577,0.9962424111225061,-0.07030200635818859,4073.0,False,1,0,0,1,0,0,1,0,0,0,0,0,0,0,1,0,0,0,0,0,0,0
62,0.0,0.0,-0.1803103987409734,-0.15545342688853586,1.228774614179005,-0.8173578165051997,5892.0,True,0,1,1,0,0,1,0,0,0,0,0,0,0,1,0,0,0,0,0,0,0,0
63,0.0,1.0,-1.5204917307004537,-1.4644868826642097,1.0983506478890124,-1.451978212420162,920.0,False,0,1,1,0,0,0,1,0,0,0,0,0,0,0,0,0,0,0,0,0,0,0
64,0.0,0.0,-0.8950737757860295,-0.7596227141696161,0.7026629183246857,-1.2625110553693613,3649.0,True,1,0,0,0,0,1,0,0,0,0,0,0,0,0,0,0,0,0,0,0,0,1
65,0.0,1.0,-1.0737646200472937,-0.9610124765966428,-0.8727561862521119,-0.6346390849079084,3922.0,False,0,1,1,0,0,0,0,1,0,0,0,0,1,0,0,0,0,0,0,0,0,0
66,0.0,1.0,0.8918346668266107,0.7508005040330845,0.7462631424000201,0.20780214031398955,4492.0,False,0,1,0,1,0,0,0,1,0,0,0,0,0,0,0,1,0,0,0,0,0,0
67,0.0,1.0,1.1598709332185069,1.153580028887138,0.5718622460986826,0.613231692985903,5786.0,False,0,1,0,0,1,0,0,0,0,0,1,0,0,0,0,0,0,0,1,0,0,0
68,0.0,0.0,-1.5204917307004537,-1.4644868826642097,-0.9425165447726469,-0.4201209545827168,1248.0,True,0,1,1,0,0,0,0,0,0,0,0,1,0,0,0,0,0,0,0,0,0,0
69,0.0,1.0,-0.7163829315247655,-0.6589278329561027,-0.07342107021626561,0.5653536593706642,5499.0,False,0,1,0,0,0,0,1,0,0,0,0,0,0,0,0,0,0,0,0,0,0,1
70,0.0,0.0,-0.0909649766103414,0.04593633553849087,-2.497593528804857,0.5337715394925929,5169.0,True,1,0,0,1,0,1,0,0,0,0,0,0,0,0,1,0,0,0,0,0,0,0
71,0.0,1.0,-1.1631100421779257,-1.263097120237183,0.44321019291511193,0.7625533872536109,1807.0,False,0,1,1,0,0,0,0,0,0,1,0,0,1,0,0,0,0,0,0,0,0,0
72,0.0,1.0,-1.4311463085698217,-1.4644868826642097,-1.2360890615346145,0.1283419868206796,3956.0,False,1,0,1,0,0,0,0,1,0,0,0,0,0,1,0,0,0,0,0,0,0,0
73,0.0,1.0,1.517252621741035,1.6570544349547047,-0.3524625042984056,-0.15790372616567555,4390.0,False,1,0,0,0,1,0,0,0,0,1,0,0,0,0,0,0,0,1,0,0,0,0
74,0.0,0.0,-1.6098371528310857,-1.4644868826642097,-1.003556858478115,-1.5885827034184725,2743.0,True,1,0,0,0,0,1,0,0,0,0,0,0,0,0,0,0,0,0,0,0,0,0
75,0.0,1.0,-0.44834666513286947,-0.35684318931556264,1.452586772420439,-0.9923439772703446,4378.0,False,0,1,1,0,0,0,0,0,0,0,1,0,0,1,0,0,0,0,0,0,0,0
76,0.0,1.0,0.17707128978155465,0.2473260979655176,0.7927723734256612,-0.014908680760632571,4864.0,False,1,0,0,1,0,0,0,0,0,1,0,0,0,0,0,1,0,0,0,0,0,0
77,1.0,0.0,-1.7885279970923498,-1.8672664075182632,-0.7768356932863762,0.5179485267815238,2298.0,False,1,0,1,0,0,0,1,0,0,0,0,1,0,0,0,0,0,0,0,0,0,0
78,0.0,1.0,1.2492163553491389,1.0528851476736245,-0.4222228628189406,0.39866243822545777,4991.0,False,1,0,0,0,1,0,0,0,0,0,1,0,0,0,0,0,1,0,0,0,0,0
79,0.0,1.0,1.2492163553491389,1.2542749101006514,0.24340955007644813,-0.47566765348603457,7105.0,False,1,0,0,0,1,0,1,0,0,0,0,0,0,0,0,0,0,1,0,0,0,0
80,0.0,1.0,1.427907199610403,1.5563595537411914,0.01377937793440315,1.16951667298314,4086.0,False,1,0,0,0,1,0,1,0,0,0,0,0,0,0,0,0,0,1,0,0,0,0
81,0.0,1.0,0.7131438225653467,0.5494107416060577,1.499096003446078,-0.5394198242475967,3907.0,False,0,1,0,0,0,0,0,0,1,0,0,0,0,0,0,0,0,0,0,1,0,0
82,0.0,0.0,-2.145909685614878,-2.4714356947993434,-1.1808667617297588,2.7911198536914728,1529.0,True,1,0,1,0,0,1,0,0,0,0,0,0,1,0,0,0,0,0,0,0,0,0
83,0.0,0.0,0.4451075561734507,0.5494107416060577,-0.5908057452196657,-0.054594023626440384,8120.0,True,1,0,0,1,0,0,0,0,0,0,0,0,0,0,0,0,1,0,0,0,0,0
84,0.0,1.0,-0.5376920872635015,-0.5582329517425894,0.7201030079548215,1.7658704291105891,2633.0,False,0,1,0,1,0,0,0,0,1,0,0,0,0,0,0,1,0,0,0,0,0,0
85,0.0,1.0,0.08772586765092262,0.14663121675200425,1.3653863242697684,-1.0559811180525849,4575.0,False,0,1,0,1,0,0,0,0,0,1,0,0,0,0,0,1,0,0,0,0,0,0
86,0.0,1.0,-0.8057283536553975,-0.7596227141696161,-0.36408458002792593,-0.4280068987206246,5986.0,False,0,1,0,0,0,0,0,0,0,1,0,0,0,0,0,0,0,0,0,0,0,1
87,1.0,0.0,-1.1631100421779257,-1.263097120237183,-0.20131273549196252,1.4955499777058108,1107.0,False,0,1,1,0,0,0,1,0,0,0,0,0,1,0,0,0,0,0,0,0,0,0
88,0.0,1.0,1.517252621741035,1.5563595537411914,-0.4425649833635293,-0.5075693010844424,4602.0,False,1,0,0,0,1,0,0,1,0,0,0,0,0,0,0,0,0,0,1,0,0,0
89,0.0,0.0,-0.26965582087160544,-0.25614830810204925,1.772326399663456,0.5098580849026008,4036.0,True,0,1,0,1,0,0,0,0,0,0,0,0,0,0,1,0,0,0,0,0,0,0
90,0.0,1.0,0.5344529783040827,0.2473260979655176,2.3623804401376987,-1.4374460916992524,2395.0,False,0,1,0,0,0,0,0,0,0,0,1,0,0,0,0,0,0,0,0,1,0,0
91,0.0,1.0,-0.7163829315247655,-0.5582329517425894,0.8857838594410902,-1.3738089509170117,3570.0,False,0,1,0,0,0,0,1,0,0,0,0,0,0,0,0,0,0,0,0,0,1,0
92,0.0,1.0,0.35576213404281865,0.34802097917903096,0.09516878822031125,0.19991619617608178,5202.0,False,1,0,0,0,0,0,0,0,0,0,1,0,0,0,0,0,0,0,0,1,0,0
93,0.0,1.0,-1.2524554643085577,-1.0617073578101561,0.43234152905761364,-1.381848268360681,3620.0,False,1,0,0,0,0,0,0,0,0,0,1,0,0,0,0,0,0,0,0,0,0,0
94,0.0,1.0,0.8918346668266107,0.8514953852465978,0.4410615738726795,-0.3007837415913972,4785.0,False,1,0,0,0,1,0,0,0,1,0,0,0,0,0,0,0,0,0,0,1,0,0
95,0.0,0.0,1.338561777479771,1.153580028887138,-1.3203874787708287,-0.968443303789166,5119.0,True,1,0,0,0,1,0,0,0,0,0,0,0,0,0,0,0,0,1,0,0,0,0
96,0.0,0.0,-0.44834666513286947,-0.35684318931556264,1.7752284305779134,1.9168408864152338,795.0,True,0,0,0,1,0,0,0,0,0,0,0,0,0,0,1,0,0,0,0,0,0,0
97,0.0,1.0,-0.9844191979166615,-1.0617073578101561,-0.3350224146682714,0.4939328233210234,3747.0,False,0,1,0,0,0,0,0,0,0,0,1,0,0,0,0,0,0,0,0,0,1,0
98,0.0,1.0,0.26641671191218663,0.2473260979655176,1.3770153760351418,-0.9364905317555039,6871.0,False,1,0,0,1,0,0,0,0,0,1,0,0,0,1,0,0,0,0,0,0,0,0
99,0.0,1.0,-0.9844191979166615,-0.9610124765966428,0.23759851221168699,-0.7460392293260666,4128.0,False,0,1,0,0,0,0,0,0,0,1,0,0,0,0,0,0,0,0,0,0,0,0
100,0.0,0.0,1.785288888132931,1.959139078595245,-0.4193138558686344,-0.8333853269572844,4672.0,True,1,0,0,0,1,1,0,0,0,0,0,0,0,0,0,0,0,1,0,0,0,0
101,0.0,1.0,0.7131438225653467,0.7508005040330845,-0.5530235350449433,-0.39632252997204587,4634.0,False,1,0,0,0,1,0,1,0,0,0,0,0,0,0,0,0,0,0,1,0,0,0
102,0.0,1.0,0.9811800889572427,0.9521902664601112,0.6212804840746304,-0.6585525394979009,4153.0,False,0,1,0,0,1,0,0,0,0,0,1,0,0,0,0,0,0,0,1,0,0,0
103,0.0,1.0,0.6237984004347147,0.6501056228195711,-1.951132736370098,0.7961037978889555,5312.0,False,1,0,0,1,0,0,0,0,0,0,1,0,0,0,0,0,1,0,0,0,0,0
104,0.0,1.0,-0.35900124300223746,-0.35684318931556264,0.865441738896501,1.8531526211977392,2566.0,False,0,1,0,0,0,0,0,0,1,0,0,0,0,0,0,0,0,0,0,0,0,1
105,0.0,1.0,1.338561777479771,1.455664672527678,0.8596237249958896,-1.2784363169509383,3840.0,False,1,0,0,0,1,0,1,0,0,0,0,0,0,0,0,0,0,1,0,0,0,0
106,0.0,1.0,-0.26965582087160544,-0.15545342688853586,-1.6546512126578243,-1.15925247726538,6772.0,False,1,0,0,1,0,0,0,1,0,0,0,0,0,0,1,0,0,0,0,0,0,0
107,0.0,1.0,0.5344529783040827,0.5494107416060577,0.24340955007644813,-0.4678456148921942,8167.0,False,1,0,0,0,1,0,0,0,0,0,1,0,0,0,0,0,0,0,0,1,0,0
108,0.0,0.0,-0.44834666513286947,-0.35684318931556264,-0.032722877055384667,-1.2546762356667074,4308.0,True,1,0,0,0,0,0,0,0,0,0,0,0,0,0,0,0,0,0,0,0,1,0
109,0.0,1.0,1.517252621741035,1.5563595537411914,0.019597391835015594,-1.0161551829898294,3982.0,False,1,0,0,1,0,0,0,1,0,0,0,0,0,0,0,1,0,0,0,0,0,0
110,0.0,1.0,0.9811800889572427,0.8514953852465978,-0.23619291475223,-0.881097206157948,4548.0,False,1,0,0,1,0,0,1,0,0,0,0,0,0,0,0,0,1,0,0,0,0,0
111,0.0,1.0,-0.35900124300223746,-0.35684318931556264,-1.3872388303410574,0.7482257642737171,5918.0,False,1,0,0,1,0,0,0,1,0,0,0,0,0,0,1,0,0,0,0,0,0,0
112,0.0,1.0,0.7131438225653467,0.7508005040330845,-0.9715856861681538,1.463648330107403,5020.0,False,1,0,0,1,0,0,1,0,0,0,0,0,0,0,0,0,1,0,0,0,0,0
113,0.0,1.0,0.8024892446959787,0.7508005040330845,0.7113829631397527,-0.6109940336029989,4844.0,False,1,0,0,1,0,0,0,0,0,0,1,0,0,0,0,0,1,0,0,0,0,0
114,0.0,1.0,1.1598709332185069,1.0528851476736245,0.30444986378191624,0.11258287965367748,4677.0,False,1,0,0,1,0,0,0,0,0,1,0,0,0,0,0,1,0,0,0,0,0,0
115,0.0,1.0,1.517252621741035,1.3549697913141647,-0.6489440280106794,0.1204560426827718,4590.0,False,1,0,0,0,1,0,0,1,0,0,0,0,0,0,0,0,0,1,0,0,0,0
116,0.0,1.0,0.6237984004347147,0.5494107416060577,1.1212250694478978,-0.5552300558498523,5115.0,False,0,1,0,1,0,0,0,1,0,0,0,0,0,0,0,1,0,0,0,0,0,0
117,0.0,1.0,1.1598709332185069,1.153580028887138,0.865441738896501,0.4383349999824521,4040.0,False,0,1,0,0,1,0,0,0,0,0,1,0,0,0,0,0,0,1,0,0,0,0
118,0.0,1.0,-0.35900124300223746,-0.25614830810204925,1.926378199384355,-0.6745800499499854,2765.0,False,0,0,0,0,0,0,1,0,0,0,0,0,0,0,0,0,0,0,0,0,0,1
119,0.0,1.0,0.4451075561734507,0.5494107416060577,-0.9076363655123794,0.8675757583738506,7525.0,False,1,0,0,0,1,0,1,0,0,0,0,0,0,0,0,0,0,0,0,1,0,0
120,0.0,0.0,0.08772586765092262,0.14663121675200425,0.04575752628021671,1.1219070426529845,6639.0,True,1,0,0,0,0,1,0,0,0,0,0,0,0,0,0,0,0,0,0,0,1,0
121,0.0,1.0,-0.44834666513286947,-0.45753807052907597,0.722251626997254,1.2519037003947335,2077.0,False,0,1,0,1,0,0,1,0,0,0,0,0,0,1,0,0,0,0,0,0,0,0
122,0.0,0.0,1.0705255110878749,1.0528851476736245,-0.7216064174456678,-0.8732240431288538,6544.0,True,1,0,0,0,1,1,0,0,0,0,0,0,0,0,0,0,0,0,1,0,0,0
123,0.0,1.0,0.26641671191218663,0.34802097917903096,1.2636547934392726,-0.7142014872717262,5424.0,False,0,1,0,0,0,0,0,0,0,0,1,0,0,0,0,0,0,0,0,0,1,0
124,0.0,1.0,1.1598709332185069,1.153580028887138,0.14458005016040676,0.5415935780864334,3805.0,False,1,0,0,0,1,0,0,0,0,1,0,0,0,0,0,0,0,0,1,0,0,0
125,0.0,1.0,0.8024892446959787,0.7508005040330845,1.1154140315831356,-1.5885315789832184,7572.0,False,0,1,0,0,0,0,0,0,1,0,0,0,0,0,0,0,0,0,0,0,1,0
126,0.0,1.0,0.5344529783040827,0.5494107416060577,0.579696334360539,1.7080742550561014,3348.0,False,0,1,0,1,0,0,1,0,0,0,0,0,0,0,1,0,0,0,0,0,0,0
127,0.0,1.0,0.17707128978155465,0.2473260979655176,0.4730397222184936,-1.0320293201361523,4748.0,False,0,1,0,0,0,0,0,1,0,0,0,0,0,0,0,0,0,0,0,0,1,0
128,0.0,1.0,0.26641671191218663,0.34802097917903096,1.214243531499178,-0.8890853991663633,6093.0,False,1,0,1,0,0,0,0,1,0,0,0,0,0,1,0,0,0,0,0,0,0,0
129,0.0,1.0,-0.8057283536553975,-0.6589278329561027,-0.4541940351289019,-0.5471907384061828,3910.0,False,1,0,0,0,0,0,0,0,0,0,1,0,0,0,0,0,0,0,0,0,0,1
130,0.0,1.0,-1.6098371528310857,-1.565181763877723,-1.4706512910240614,-1.2361947523224375,1917.0,False,1,0,1,0,0,0,0,0,1,0,0,0,1,0,0,0,0,0,0,0,0,0
131,0.0,1.0,-0.44834666513286947,-0.45753807052907597,0.7491721493503268,1.9406009676994647,3456.0,False,0,1,1,0,0,0,0,0,0,0,1,1,0,0,0,0,0,0,0,0,0,0
132,0.0,1.0,-1.4311463085698217,-1.4644868826642097,-0.8727561862521119,-0.20551335649583158,5375.0,False,1,0,0,0,0,0,0,0,0,1,0,0,0,0,0,0,0,0,0,0,0,0
133,0.0,0.0,-1.4311463085698217,-1.565181763877723,-1.0500660895037557,2.0439617946739537,1796.0,True,1,0,1,0,0,1,0,0,0,0,0,0,0,0,0,0,0,0,0,0,0,0
134,0.0,1.0,0.8024892446959787,0.5494107416060577,1.842086758183991,-0.8493617129741151,3544.0,False,0,1,0,0,1,0,0,0,0,0,1,0,0,0,0,0,0,0,0,1,0,0
135,0.0,1.0,0.35576213404281865,0.44871586039254435,1.0863448901876303,0.27937634966939173,2843.0,False,0,1,0,1,0,0,1,0,0,0,0,0,0,0,0,1,0,0,0,0,0,0
136,0.0,1.0,0.08772586765092262,0.14663121675200425,0.4236214842425458,-0.5235456871012732,7290.0,False,1,0,0,1,0,0,0,0,0,0,1,0,0,0,1,0,0,0,0,0,0,0
137,0.0,1.0,0.6237984004347147,0.5494107416060577,0.45559963258835884,-0.22942681108582416,4839.0,False,1,0,0,0,0,0,0,0,0,1,0,0,0,0,0,0,0,0,0,1,0,0
138,0.0,1.0,-0.5376920872635015,-0.5582329517425894,-1.7999899435995068,2.902264375933361,1913.0,False,1,0,1,0,0,0,1,0,0,0,0,0,1,0,0,0,0,0,0,0,0,0
139,0.0,0.0,0.4451075561734507,0.44871586039254435,1.2345856520437672,0.017146340143536994,4191.0,True,0,1,0,1,0,1,0,0,0,0,0,0,0,0,1,0,0,0,0,0,0,0
140,0.0,1.0,-1.6098371528310857,-1.565181763877723,-0.11790027480895865,-0.780126446531577,1985.0,False,0,1,1,0,0,0,0,1,0,0,0,1,0,0,0,0,0,0,0,0,0,0
141,0.0,0.0,1.695943466002299,1.5563595537411914,-1.0675061791338893,-0.3325703592104838,4302.0,True,1,0,0,0,1,1,0,0,0,0,0,0,0,0,0,0,0,1,0,0,0,0
142,0.0,0.0,1.0705255110878749,1.0528851476736245,0.2288784673966211,-1.1353901471106416,4744.0,True,0,1,0,1,0,1,0,0,0,0,0,0,0,0,0,0,1,0,0,0,0,0
143,0.0,1.0,0.5344529783040827,0.5494107416060577,-1.023905955058555,1.2014183205815478,6998.0,False,1,0,0,1,0,0,1,0,0,0,0,0,0,0,0,0,1,0,0,0,0,0
144,0.0,1.0,-1.4311463085698217,-1.4644868826642097,0.9875223663074392,0.939086062185185,1526.0,False,0,1,1,0,0,0,0,0,1,0,0,0,1,0,0,0,0,0,0,0,0,0
145,0.0,1.0,0.4451075561734507,0.5494107416060577,-0.13736341483618816,0.6530065036134051,3944.0,False,1,0,0,1,0,0,0,0,1,0,0,0,0,0,1,0,0,0,0,0,0,0
146,0.0,1.0,0.26641671191218663,0.34802097917903096,1.423524607060783,1.1058284077656453,4123.0,False,0,1,0,1,0,0,0,1,0,0,0,0,0,0,0,1,0,0,0,0,0,0
147,0.0,0.0,-0.26965582087160544,-0.15545342688853586,0.4497816186877464,0.23160056492466086,3071.0,True,1,0,0,0,0,1,0,0,0,0,0,0,0,0,0,0,0,0,0,0,0,1
148,0.0,1.0,1.1598709332185069,1.0528851476736245,-1.4657192336766593,-0.33278763806031286,4792.0,False,1,0,0,0,1,0,0,0,0,1,0,0,0,0,0,0,0,0,1,0,0,0
149,0.0,0.0,-1.7885279970923498,-1.76657152630475,0.12474020419716626,-0.581137363414745,1098.0,True,1,0,1,0,0,0,0,0,0,0,0,1,0,0,0,0,0,0,0,0,0,0
150,0.0,0.0,-0.0016195544797093877,0.04593633553849087,-1.0500660895037557,0.8595236598213676,5217.0,True,1,0,0,0,0,0,0,0,0,0,0,0,0,0,0,0,0,0,0,0,1,0
151,0.0,1.0,-0.8057283536553975,-0.8603175953831295,0.5463369309160192,1.9900894210251998,1461.0,False,0,1,1,0,0,0,0,0,0,0,1,0,1,0,0,0,0,0,0,0,0,0
152,0.0,1.0,0.6237984004347147,0.6501056228195711,-0.04435192882075925,-1.07979232377207,8156.0,False,1,0,0,0,0,0,0,0,0,0,1,0,0,0,0,0,0,0,0,0,1,0
153,0.0,1.0,-0.26965582087160544,-0.25614830810204925,0.41199940851302547,-1.1434294645543106,7461.0,False,1,0,0,0,0,0,0,0,1,0,0,0,0,0,0,0,0,0,0,0,1,0
154,0.0,1.0,0.08772586765092262,0.14663121675200425,-0.8175269104114045,0.9469720063230932,2927.0,False,1,0,1,0,0,0,0,0,0,0,1,0,1,0,0,0,0,0,0,0,0,0
155,0.0,1.0,-1.4311463085698217,-1.4644868826642097,-0.305953273272765,-0.4519714777458711,3095.0,False,0,1,1,0,0,0,0,0,0,0,1,0,0,0,0,0,0,0,0,0,0,0
156,0.0,1.0,1.874634310263563,1.959139078595245,-1.012276903293182,-0.3248505694871512,5463.0,False,1,0,0,0,1,0,0,0,0,0,1,0,0,0,0,0,1,0,0,0,0,0
157,0.0,0.0,-0.6270375093941335,-0.5582329517425894,1.4060845174306473,1.964616671159965,1027.0,True,0,0,0,1,0,1,0,0,0,0,0,0,0,0,1,0,0,0,0,0,0,0
158,0.0,0.0,1.695943466002299,1.6570544349547047,-0.8029958277315764,-0.28507575885964936,5531.0,True,1,0,0,0,1,1,0,0,0,0,0,0,0,0,0,0,0,1,0,0,0,0
159,0.0,0.0,-0.7163829315247655,-0.6589278329561027,1.0834428592731729,0.780127411872125,2077.0,True,0,1,1,0,0,0,0,0,0,0,0,0,0,1,0,0,0,0,0,0,0,0
160,0.0,0.0,-0.8950737757860295,-0.8603175953831295,-0.6925442520860138,0.0012210785619596767,4318.0,True,1,0,1,0,0,0,0,0,0,0,0,0,1,0,0,0,0,0,0,0,0,0
161,0.0,1.0,-1.6098371528310857,-1.6658766450912363,-1.282598292560255,0.15230656584592608,3163.0,False,0,1,1,0,0,0,0,0,0,0,1,1,0,0,0,0,0,0,0,0,0,0
162,0.0,1.0,-0.35900124300223746,-0.25614830810204925,0.8916018733417016,-0.006818238881709493,6392.0,False,0,1,0,0,0,0,0,1,0,0,0,0,0,0,0,0,0,0,0,0,1,0
163,0.0,0.0,-0.9844191979166615,-1.0617073578101561,-0.9192654172777525,0.430244558103529,3663.0,True,1,0,0,0,0,0,0,0,0,0,0,0,0,0,0,0,0,0,0,0,0,1
164,0.0,1.0,-1.0737646200472937,-1.0617073578101561,-2.3987640288888152,-0.04654192507395774,5102.0,False,1,0,0,1,0,0,0,1,0,0,0,0,0,1,0,0,0,0,0,0,0,0
165,0.0,0.0,0.5344529783040827,0.44871586039254435,1.6153655929922541,0.2871472638279782,4459.0,True,0,0,0,0,1,0,0,0,0,0,0,0,0,0,0,0,0,1,0,0,0,0
166,0.0,1.0,0.7131438225653467,0.7508005040330845,-1.2448091063496813,-0.5632693732935216,5895.0,False,1,0,0,0,1,0,0,1,0,0,0,0,0,0,0,0,0,0,1,0,0,0
167,0.0,1.0,1.1598709332185069,1.0528851476736245,-0.003660711695730601,-0.49974726249060236,7264.0,False,1,0,0,0,1,0,0,0,1,0,0,0,0,0,0,0,0,1,0,0,0,0
168,0.0,0.0,-0.35900124300223746,-0.35684318931556264,-2.648736321575448,1.0740929145818123,6857.0,True,1,0,0,1,0,0,0,0,0,0,0,0,0,0,1,0,0,0,0,0,0,0
169,0.0,1.0,-0.8950737757860295,-0.8603175953831295,1.1923806351388422,-0.14974937874268507,1834.0,False,0,1,1,0,0,0,0,0,1,0,0,0,1,0,0,0,0,0,0,0,0,0
170,0.0,1.0,0.8024892446959787,0.7508005040330845,0.6212804840746304,-0.9366950294965194,7328.0,False,0,1,0,0,0,0,0,0,0,1,0,0,0,0,0,0,0,0,0,0,1,0
171,0.0,1.0,-0.9844191979166615,-0.8603175953831295,0.4846617979480139,-1.07979232377207,3669.0,False,1,0,0,0,0,0,1,0,0,0,0,0,0,0,0,0,0,0,0,0,1,0
172,0.0,0.0,0.26641671191218663,0.34802097917903096,0.21143837776648636,0.9865934436448336,7965.0,True,1,0,0,0,0,0,0,0,0,0,0,0,0,0,0,0,0,0,0,0,1,0
173,0.0,1.0,1.427907199610403,1.3549697913141647,-0.2914221905929375,0.017146340143536994,4326.0,False,1,0,0,0,1,0,1,0,0,0,0,0,0,0,0,0,0,0,1,0,0,0
174,0.0,1.0,0.7131438225653467,0.7508005040330845,-0.021100801325864352,0.6846397479267302,7733.0,False,1,0,0,0,0,0,0,0,1,0,0,0,0,0,0,0,0,0,0,1,0,0
175,0.0,1.0,-0.26965582087160544,-0.15545342688853586,0.9642642627766921,-0.9207697679149425,4187.0,False,1,0,0,0,0,0,1,0,0,0,0,0,0,0,0,0,0,0,0,0,1,0
176,0.0,0.0,-2.503291374137406,-2.572130576012857,-1.63140008516293,-0.24109596343251705,981.0,True,1,0,1,0,0,0,0,0,0,0,0,1,0,0,0,0,0,0,0,0,0,0
177,0.0,0.0,-1.2524554643085577,-1.4644868826642097,-1.6604692265584369,2.9499890362428385,2732.0,True,1,0,1,0,0,0,0,0,0,0,0,0,1,0,0,0,0,0,0,0,0,0
178,0.0,1.0,-0.5376920872635015,-0.35684318931556264,2.2926200816171636,-0.9207697679149425,1607.0,False,0,0,0,0,0,0,0,1,0,0,0,0,0,0,0,0,0,0,0,0,0,1
179,0.0,1.0,1.517252621741035,1.6570544349547047,0.11551788480075172,-0.7698504350455514,4541.0,False,1,0,0,0,1,0,0,1,0,0,0,0,0,0,0,0,0,1,0,0,0,0
180,0.0,1.0,-0.35900124300223746,-0.25614830810204925,-1.0878482996784775,2.504938046249185,5558.0,False,1,0,0,1,0,0,1,0,0,0,0,0,0,1,0,0,0,0,0,0,0,0
181,0.0,1.0,0.26641671191218663,0.2473260979655176,1.647336765302215,0.1362279309585874,3855.0,False,0,1,0,1,0,0,0,0,1,0,0,0,0,0,0,1,0,0,0,0,0,0
182,0.0,1.0,1.517252621741035,1.455664672527678,-0.2914221905929375,-0.9844196898059969,6211.0,False,1,0,0,1,0,0,0,0,1,0,0,0,0,0,0,0,1,0,0,0,0,0
183,0.0,1.0,1.517252621741035,1.3549697913141647,-0.5791836694901443,-0.4360462161642941,4266.0,False,1,0,0,0,1,0,1,0,0,0,0,0,0,0,0,0,0,0,1,0,0,0
184,0.0,1.0,-0.35900124300223746,-0.35684318931556264,-1.0384370377383825,1.702284412763602,5729.0,False,1,0,0,0,0,0,0,0,1,0,0,0,0,0,0,0,0,0,0,0,0,0
185,0.0,1.0,-0.8950737757860295,-1.0617073578101561,0.20271833295141947,1.9326638991263032,4094.0,False,0,1,0,0,0,0,0,1,0,0,0,0,0,0,0,0,0,0,0,0,0,1
186,0.0,1.0,-0.8950737757860295,-0.8603175953831295,-0.7797447002366825,0.9629483923399237,5847.0,False,1,0,0,0,0,0,0,0,0,0,1,0,0,0,0,0,0,0,0,0,0,1
187,0.0,0.0,0.6237984004347147,0.6501056228195711,-0.7216064174456678,0.8120290594705328,7129.0,True,1,0,0,1,0,1,0,0,0,0,0,0,0,0,0,1,0,0,0,0,0,0
188,0.0,1.0,1.2492163553491389,-1.565181763877723,-0.43966295244907433,0.5178974023462699,7148.0,False,1,0,0,0,1,0,0,0,0,0,1,0,0,0,0,0,0,0,1,0,0,0
189,0.0,0.0,1.0705255110878749,1.0528851476736245,0.28119873628702136,-1.103859151667824,5191.0,True,1,0,0,0,1,0,0,0,0,0,0,0,0,0,0,0,0,0,1,0,0,0
190,0.0,1.0,-1.2524554643085577,-1.263097120237183,-0.65475506587544,-0.9445809736344271,3831.0,False,0,1,1,0,0,0,0,0,0,0,1,0,1,0,0,0,0,0,0,0,0,0
191,0.0,0.0,0.8918346668266107,0.8514953852465978,0.8974129112064637,-1.2386487252146225,7410.0,True,0,1,0,0,1,1,0,0,0,0,0,0,0,0,0,0,0,1,0,0,0,0
192,0.0,1.0,0.08772586765092262,0.2473260979655176,-0.326302369853205,1.4795735916889796,4486.0,False,1,0,0,0,0,0,1,0,0,0,0,0,0,0,0,0,0,0,0,0,0,1
193,0.0,0.0,1.1598709332185069,1.153580028887138,0.3393300430421837,0.48599575474786205,4649.0,True,0,1,0,0,1,1,0,0,0,0,0,0,0,0,0,0,0,1,0,0,0,0
194,0.0,0.0,0.4451075561734507,0.44871586039254435,-0.4454739903138355,-1.2864245099593536,7333.0,True,1,0,0,0,1,1,0,0,0,0,0,0,0,0,0,0,0,0,0,1,0,0
195,0.0,1.0,0.7131438225653467,0.6501056228195711,0.26956968452164876,-1.1115789413911568,8009.0,False,1,0,0,0,1,0,0,0,0,0,1,0,0,0,0,0,0,0,0,1,0,0
196,0.0,1.0,-0.26965582087160544,-0.15545342688853586,-0.4454739903138355,-0.2453392915585873,5572.0,False,0,1,0,1,0,0,1,0,0,0,0,0,0,0,1,0,0,0,0,0,0,0
197,0.0,1.0,-0.0909649766103414,-0.0547585456750225,-0.09086115984639935,-0.7142014872717262,4765.0,False,1,0,0,0,0,0,0,0,0,1,0,0,0,0,0,0,0,0,0,0,1,0
198,0.0,1.0,-1.8778734192229818,-2.06865616994529,-1.23318703062016,2.0757611934018536,1543.0,False,1,0,1,0,0,0,0,0,0,0,1,1,0,0,0,0,0,0,0,0,0,0
199,0.0,1.0,0.7131438225653467,0.7508005040330845,0.7840523286105944,-0.4519203533106172,4010.0,False,0,1,0,1,0,0,1,0,0,0,0,0,0,0,0,0,1,0,0,0,0,0
200,0.0,1.0,-1.2524554643085577,-1.1624022390236697,-0.08150629576879585,-0.47332871057317066,3784.0,False,1,0,1,0,0,0,1,0,0,0,0,0,1,0,0,0,0,0,0,0,0,0
201,0.0,1.0,-1.0737646200472937,-1.1624022390236697,-0.9744877170826072,0.5814322942580029,5259.0,False,1,0,0,0,0,0,1,0,0,0,0,0,0,0,0,0,0,0,0,0,0,1
202,0.0,1.0,0.8918346668266107,0.8514953852465978,1.4671248311361174,0.23176671933923607,5870.0,False,0,1,0,0,1,0,0,0,0,0,1,0,0,0,0,0,0,1,0,0,0,0
203,0.0,0.0,0.9811800889572427,0.9521902664601112,-0.8407850139421507,-1.2308266866207822,5305.0,True,1,0,0,0,1,1,0,0,0,0,0,0,0,0,0,0,1,0,0,0,0,0
204,1.0,0.0,-0.7163829315247655,-0.7596227141696161,-0.5908057452196657,-0.3007326171561433,1495.0,False,1,0,0,0,0,0,0,0,0,1,0,0,0,0,0,0,0,0,0,0,0,1
205,0.0,1.0,1.338561777479771,1.3549697913141647,0.12132892266551187,0.3191511602968939,4458.0,False,1,0,0,0,1,0,1,0,0,0,0,0,0,0,0,0,0,1,0,0,0,0
206,0.0,0.0,0.5344529783040827,0.5494107416060577,-0.878567224116873,0.4383349999824521,7132.0,True,1,0,0,1,0,1,0,0,0,0,0,0,0,0,1,0,0,0,0,0,0,0
207,0.0,1.0,1.2492163553491389,1.455664672527678,0.7491721493503268,-0.03866876204486342,7112.0,False,1,0,0,0,1,0,0,0,1,0,0,0,0,0,0,0,0,0,0,1,0,0
208,0.0,0.0,0.5344529783040827,0.5494107416060577,1.5950164964118139,-1.4372415939582368,5423.0,True,0,1,0,0,0,0,0,0,0,0,0,0,0,0,0,0,0,0,0,1,0,0
209,0.0,1.0,0.17707128978155465,0.2473260979655176,0.21143837776648636,0.5098069604673469,6273.0,False,0,1,0,1,0,0,1,0,0,0,0,0,0,0,0,1,0,0,0,0,0,0
210,0.0,1.0,0.17707128978155465,0.2473260979655176,-0.006562742610185529,-0.8971247166100327,4182.0,False,1,0,0,1,0,0,0,0,1,0,0,0,0,0,0,1,0,0,0,0,0,0
211,0.0,1.0,-0.7163829315247655,-0.5582329517425894,1.3479462346396365,-1.6439760290160281,3811.0,False,0,1,0,0,0,0,1,0,0,0,0,0,0,0,0,0,0,0,0,0,0,0
212,0.0,1.0,0.5344529783040827,0.5494107416060577,-0.39606272837373996,-0.7539251734639745,7870.0,False,1,0,0,0,1,0,0,0,1,0,0,0,0,0,0,0,0,0,0,1,0,0
213,0.0,1.0,0.7131438225653467,0.6501056228195711,0.7084809322252973,-0.35653493823573024,6296.0,False,1,0,0,1,0,0,0,0,0,0,1,0,0,0,0,1,0,0,0,0,0,0
214,0.0,1.0,1.517252621741035,1.6570544349547047,-0.2594440422471234,1.201162698405279,6861.0,False,1,0,0,0,1,0,0,0,0,1,0,0,0,0,0,0,0,1,0,0,0,0
215,0.0,1.0,0.9811800889572427,0.9521902664601112,-0.5704636246750775,-1.0003960758228274,7697.0,False,1,0,0,0,1,0,0,0,1,0,0,0,0,0,0,0,0,0,1,0,0,0
216,0.0,1.0,1.338561777479771,1.2542749101006514,-0.015282787425251907,-0.5713214718460041,4342.0,False,1,0,0,0,1,0,0,0,1,0,0,0,0,0,0,0,0,1,0,0,0,0
217,0.0,0.0,0.5344529783040827,0.5494107416060577,-0.05016296668551941,-0.8970224677395251,5805.0,True,1,0,0,1,0,0,0,0,0,0,0,0,0,0,0,1,0,0,0,0,0,0
218,0.0,1.0,-1.2524554643085577,-1.1624022390236697,-0.2756214693880362,0.1902281156954758,3777.0,False,1,0,1,0,0,0,0,1,0,0,0,0,1,0,0,0,0,0,0,0,0,0
219,0.0,0.0,0.35576213404281865,0.34802097917903096,0.34223904999249044,1.1854930589999706,6624.0,True,1,0,0,1,0,0,0,0,0,0,0,0,0,0,1,0,0,0,0,0,0,0
220,0.0,1.0,1.1598709332185069,1.0528851476736245,-2.2941234911080124,1.296688705677114,4968.0,False,1,0,0,1,0,0,0,0,0,1,0,0,0,0,0,0,1,0,0,0,0,0
221,0.0,0.0,-1.5204917307004537,-1.4644868826642097,-1.154706627284558,-0.5155063696576041,2424.0,True,1,0,0,0,0,1,0,0,0,0,0,0,0,0,0,0,0,0,0,0,0,1
222,0.0,1.0,-1.8778734192229818,-1.8672664075182632,0.3662854455745191,-0.8780808644779703,1263.0,False,0,1,1,0,0,0,0,1,0,0,0,1,0,0,0,0,0,0,0,0,0,0
223,0.0,1.0,0.7131438225653467,0.5494107416060577,1.7548863100333243,-0.9287068364881039,4120.0,False,0,1,0,0,0,0,0,1,0,0,0,0,0,0,0,0,0,0,0,1,0,0
224,0.0,1.0,-0.35900124300223746,-0.35684318931556264,-0.21584381817178905,-0.36453591235295935,3141.0,False,1,0,0,1,0,0,0,0,0,1,0,0,0,0,1,0,0,0,0,0,0,0
225,0.0,0.0,1.695943466002299,1.5563595537411914,-1.172146716914692,-0.28497350998914156,4475.0,True,1,0,0,0,1,0,0,0,0,0,0,0,0,0,0,0,0,1,0,0,0,0
226,0.0,0.0,-1.5204917307004537,-1.4644868826642097,-0.8262469552264713,-0.7381149418617188,1787.0,True,1,0,1,0,0,1,0,0,0,0,0,0,0,0,0,0,0,0,0,0,0,0
227,0.0,1.0,1.338561777479771,1.2542749101006514,0.42071945332809135,-0.6665407325063163,6966.0,False,1,0,0,0,1,0,1,0,0,0,0,0,0,0,0,0,0,1,0,0,0,0
228,0.0,1.0,1.517252621741035,1.3549697913141647,-1.302947389140695,0.0566655285947696,6227.0,False,1,0,0,0,1,0,1,0,0,0,0,0,0,0,0,0,0,1,0,0,0,0
229,0.0,1.0,-0.7163829315247655,-0.6589278329561027,0.3567701326723175,-1.3817460194901732,5634.0,False,0,1,0,0,0,0,0,1,0,0,0,0,0,0,0,0,0,0,0,0,0,1
230,0.0,0.0,0.7131438225653467,0.6501056228195711,-0.9047273585620722,-0.3088741834703203,7702.0,True,1,0,0,1,0,0,0,0,0,0,0,0,0,0,0,0,1,0,0,0,0,0
231,1.0,0.0,-0.0909649766103414,-0.0547585456750225,0.7520811563006317,-0.22132358809808725,6269.0,False,1,0,0,0,0,0,1,0,0,0,0,0,0,0,0,0,0,0,0,0,0,1
232,0.0,1.0,-0.26965582087160544,-0.25614830810204925,1.3741063690848372,0.8596386898006885,2914.0,False,0,1,0,0,0,0,0,1,0,0,0,0,0,0,0,0,0,0,0,0,0,1
233,0.0,1.0,-0.5376920872635015,-0.45753807052907597,-0.21584381817178905,0.2395887579330761,2744.0,False,1,0,1,0,0,0,0,0,0,1,0,0,0,1,0,0,0,0,0,0,0,0
234,0.0,0.0,-0.1803103987409734,-0.15545342688853586,-1.7767318400687597,2.2665192424428144,3117.0,True,1,0,1,0,0,0,0,0,0,0,0,0,0,1,0,0,0,0,0,0,0,0
235,0.0,1.0,0.4451075561734507,0.44871586039254435,1.85661784086382,-1.2069132320307898,4352.0,False,0,1,0,0,1,0,0,0,1,0,0,0,0,0,0,0,0,0,0,1,0,0
236,1.0,0.0,1.2492163553491389,1.153580028887138,0.3567701326723175,-0.7618622420371358,4098.0,False,1,0,0,1,0,0,1,0,0,0,0,0,0,0,0,1,0,0,0,0,0,0
237,0.0,0.0,-0.44834666513286947,-0.35684318931556264,0.17655819850621984,-0.8094718723672918,6852.0,True,1,0,0,0,0,1,0,0,0,0,0,0,0,0,0,0,0,0,0,0,0,1
238,0.0,1.0,1.2492163553491389,1.153580028887138,0.3538611257220108,1.3364762974134292,5743.0,False,1,0,0,1,0,0,0,1,0,0,0,0,0,0,0,1,0,0,0,0,0,0
239,0.0,0.0,-1.0737646200472937,-0.9610124765966428,-0.6169658796648653,-0.14192734014884467,5629.0,True,1,0,0,0,0,0,0,0,0,0,0,0,0,0,0,0,0,0,0,0,0,1
240,0.0,0.0,-0.0909649766103414,0.04593633553849087,-0.913447403377139,0.001067705256198302,7460.0,True,1,0,0,1,0,0,0,0,0,0,0,0,0,0,1,0,0,0,0,0,0,0
241,0.0,1.0,1.606598043871667,1.6570544349547047,-0.39606272837373996,-0.6824020885438258,5713.0,False,1,0,0,0,1,0,0,0,1,0,0,0,0,0,0,0,0,1,0,0,0,0
242,0.0,1.0,-0.6270375093941335,-0.5582329517425894,-1.79126989878444,1.400228468174991,6460.0,False,1,0,0,1,0,0,0,0,0,0,1,0,0,0,1,0,0,0,0,0,0,0
243,0.0,0.0,0.8024892446959787,0.7508005040330845,0.5573311634188556,-0.9685455526596733,5046.0,True,1,0,0,0,1,1,0,0,0,0,0,0,0,0,0,0,0,0,0,1,0,0
244,0.0,1.0,-1.3418008864391897,-1.263097120237183,-0.7652066415210022,-0.7776852547482053,3272.0,False,1,0,1,0,0,0,0,0,0,1,0,1,0,0,0,0,0,0,0,0,0,0
245,0.0,1.0,-1.3418008864391897,-1.3637920014506963,-1.561639726642395,-0.28502463442439546,3392.0,False,1,0,0,0,0,0,0,0,0,0,1,0,0,0,0,0,0,0,0,0,0,1
246,0.0,1.0,1.427907199610403,1.455664672527678,0.3015408568316095,0.20780214031398955,3974.0,False,0,1,0,1,0,0,0,0,1,0,0,0,0,0,0,0,1,0,0,0,0,0
247,0.0,0.0,-1.0737646200472937,-1.0617073578101561,-0.07051206326595938,-0.18170215077634683,3331.0,True,1,0,0,0,0,1,0,0,0,0,0,0,0,0,0,0,0,0,0,0,1,0
248,0.0,0.0,1.338561777479771,1.2542749101006514,-0.38734268355867313,-0.09410043096885987,4881.0,True,1,0,0,0,1,1,0,0,0,0,0,0,0,0,0,0,0,1,0,0,0,0
249,0.0,1.0,1.427907199610403,1.3549697913141647,-0.09376319076085378,-0.44393216030220195,7286.0,False,1,0,0,0,1,0,0,0,0,1,0,0,0,0,0,0,0,0,1,0,0,0
250,0.0,1.0,-0.44834666513286947,-0.45753807052907597,0.0021573022048828336,0.9868107224946624,3709.0,False,0,1,0,0,0,0,0,0,0,1,0,0,0,0,0,0,0,0,0,0,0,0
251,0.0,1.0,0.8024892446959787,0.8514953852465978,0.03703748146515033,-0.6267531407700007,5115.0,False,1,0,0,0,1,0,0,0,0,1,0,0,0,0,0,0,0,0,0,1,0,0
252,0.0,1.0,-1.1631100421779257,-1.263097120237183,-2.230174170452238,0.4621973301371908,2425.0,False,1,0,0,1,0,0,0,1,0,0,0,0,0,1,0,0,0,0,0,0,0,0
253,0.0,1.0,0.26641671191218663,0.2473260979655176,1.1619232626087768,-0.849412837409369,7359.0,False,0,1,0,0,0,0,0,0,0,1,0,0,0,0,0,0,0,0,0,0,1,0
254,0.0,1.0,-0.26965582087160544,-0.25614830810204925,-0.5530235350449433,0.0010165808209443921,5062.0,False,1,0,1,0,0,0,0,0,0,1,0,0,1,0,0,0,0,0,0,0,0,0
255,0.0,0.0,-0.0016195544797093877,0.14663121675200425,-1.0268079859730095,1.161592385518792,5041.0,True,1,0,0,0,0,1,0,0,0,0,0,0,0,0,0,0,0,0,0,0,1,0
256,0.0,1.0,-0.0016195544797093877,0.14663121675200425,-0.021100801325864352,-0.038502607630288566,7691.0,False,1,0,0,0,0,0,0,0,1,0,0,0,0,0,0,0,0,0,0,0,1,0
257,0.0,1.0,0.7131438225653467,0.7508005040330845,0.3800212601672114,0.19986507174082785,3767.0,False,0,1,0,1,0,0,0,0,0,1,0,0,0,0,0,0,1,0,0,0,0,0
258,0.0,0.0,0.9811800889572427,0.8514953852465978,-0.2129417872573356,-0.16572576475951595,7865.0,True,1,0,0,0,1,0,0,0,0,0,0,0,0,0,0,0,0,0,1,0,0,0
259,0.0,1.0,-1.0737646200472937,-1.0617073578101561,-0.09376319076085378,-0.4837197520385176,5445.0,False,0,1,0,0,0,0,0,0,0,1,0,0,0,0,0,0,0,0,0,0,0,1
260,0.0,0.0,0.8024892446959787,0.8514953852465978,0.13004896748057876,-0.666425702526995,4906.0,True,0,1,0,1,0,1,0,0,0,0,0,0,0,0,0,0,1,0,0,0,0,0
261,0.0,1.0,-0.7163829315247655,-0.6589278329561027,0.3654901774873844,1.0661047215733972,2209.0,False,1,0,1,0,0,0,0,0,0,0,1,0,0,0,0,0,0,0,0,0,0,0
262,0.0,1.0,-0.7163829315247655,-0.7596227141696161,0.5736341592051046,2.023205273960887,2935.0,False,0,1,1,0,0,0,0,1,0,0,0,1,0,0,0,0,0,0,0,0,0,0
263,0.0,1.0,-0.0016195544797093877,0.14663121675200425,0.3509590948075563,-2.1528686575329385,4985.0,False,1,0,0,0,0,0,0,0,0,0,1,0,0,0,0,0,0,0,0,0,1,0
264,0.0,0.0,0.08772586765092262,0.14663121675200425,-0.6460350210603731,-0.3883343369636303,4714.0,True,1,0,0,1,0,0,0,0,0,0,0,0,0,0,0,1,0,0,0,0,0,0
265,0.0,0.0,-2.324600529876142,-2.4714356947993434,-1.376621303774232,0.7127581873163527,986.0,True,1,0,1,0,0,1,0,0,0,0,0,1,0,0,0,0,0,0,0,0,0,0
266,0.0,0.0,0.8918346668266107,0.8514953852465978,1.153203217793708,1.1537575658161383,5976.0,True,0,1,0,0,1,0,0,0,0,0,0,0,0,0,0,0,0,0,0,1,0,0
267,0.0,0.0,0.08772586765092262,0.14663121675200425,0.60093138749419,0.5733418523790799,7852.0,True,0,1,0,0,0,0,0,0,0,0,0,0,0,0,0,0,0,0,0,0,1,0
268,1.0,0.0,0.35576213404281865,0.34802097917903096,0.6968518804599256,-1.8983712188392292,5117.0,False,1,0,0,0,0,0,1,0,0,0,0,0,0,0,0,0,0,0,0,0,1,0
269,1.0,0.0,0.8918346668266107,0.8514953852465978,-0.5036052970689959,1.201367196146294,6370.0,False,1,0,0,1,0,0,1,0,0,0,0,0,0,0,1,0,0,0,0,0,0,0
270,0.0,1.0,-2.056564263484246,-2.2700459323723168,-1.343638606265723,2.2346175948444067,2236.0,False,1,0,1,0,0,0,0,1,0,0,0,1,0,0,0,0,0,0,0,0,0,0
271,0.0,1.0,-1.6098371528310857,-1.76657152630475,1.5950164964118139,1.316665578752559,506.0,False,0,0,1,0,0,0,0,0,1,0,0,1,0,0,0,0,0,0,0,0,0,0
272,0.0,0.0,0.9811800889572427,0.9521902664601112,-0.3408334525330325,0.22377852633082043,5923.0,True,1,0,0,0,1,0,0,0,0,0,0,0,0,0,0,0,0,1,0,0,0,0
273,0.0,0.0,-0.7163829315247655,-0.7596227141696161,2.193288307119774,1.9485252551638128,605.0,True,0,1,1,0,0,1,0,0,0,0,0,0,0,1,0,0,0,0,0,0,0,0
274,0.0,0.0,-1.5204917307004537,-1.565181763877723,-1.0471570825534493,-0.030680569036448162,1204.0,True,1,0,1,0,0,1,0,0,0,0,0,1,0,0,0,0,0,0,0,0,0,0
275,0.0,1.0,-0.8950737757860295,-0.9610124765966428,-1.1461121511148284,1.3348658777029325,4862.0,False,1,0,0,1,0,0,0,0,1,0,0,0,0,0,1,0,0,0,0,0,0,0
276,0.0,1.0,-0.1803103987409734,-0.15545342688853586,-0.07632310113071904,-0.3089892134496416,4687.0,False,1,0,0,0,0,0,0,1,0,0,0,0,0,0,0,0,0,0,0,0,1,0
277,0.0,1.0,0.6237984004347147,0.6501056228195711,0.022499422749470026,-1.381797143925427,7804.0,False,1,0,0,0,1,0,0,0,0,1,0,0,0,0,0,0,0,0,0,1,0,0
278,0.0,0.0,-1.1631100421779257,-1.0617073578101561,-0.14608345965125405,-1.2148503006039515,3614.0,True,1,0,0,0,0,0,0,0,0,0,0,0,0,0,0,0,0,0,0,0,0,0
279,0.0,1.0,-1.7885279970923498,-1.6658766450912363,0.37421022230245127,-0.98410016208566,431.0,False,1,0,1,0,0,0,0,0,0,1,0,1,0,0,0,0,0,0,0,0,0,0
280,0.0,0.0,1.0705255110878749,0.9521902664601112,0.6910408425951655,0.19996732061133568,6299.0,True,0,1,0,0,1,0,0,0,0,0,0,0,0,0,0,0,0,0,1,0,0,0
281,0.0,0.0,-1.0737646200472937,-1.0617073578101561,-1.2310384115777275,0.8953107644990683,1589.0,True,1,0,1,0,0,1,0,0,0,0,0,0,1,0,0,0,0,0,0,0,0,0
282,0.0,0.0,0.35576213404281865,0.34802097917903096,-1.0704082100483439,-0.865286974555692,7429.0,True,1,0,0,1,0,0,0,0,0,0,0,0,0,0,0,1,0,0,0,0,0,0
283,0.0,1.0,0.8024892446959787,0.8514953852465978,0.252129594891515,-0.7221896802801414,6855.0,False,0,1,0,1,0,0,0,0,1,0,0,0,0,0,0,1,0,0,0,0,0,0
284,0.0,1.0,-1.1631100421779257,-1.0617073578101561,0.10969987090013927,-1.691739032651946,5668.0,False,1,0,0,0,0,0,0,0,0,0,1,0,0,0,0,0,0,0,0,0,0,1
285,0.0,0.0,1.338561777479771,1.3549697913141647,0.586400304814363,-0.3088741834703203,6031.0,True,1,0,0,0,1,1,0,0,0,0,0,0,0,0,0,0,0,1,0,0,0,0
286,0.0,1.0,-0.8057283536553975,-0.6589278329561027,-0.36990259392853936,-0.6744138955354105,5459.0,False,0,1,0,1,0,0,0,0,0,0,1,0,0,1,0,0,0,0,0,0,0,0
287,0.0,1.0,-1.6098371528310857,-1.565181763877723,1.9350982441994218,-1.0240922515629909,2432.0,False,0,1,1,0,0,0,1,0,0,0,0,1,0,0,0,0,0,0,0,0,0,0
288,0.0,0.0,-0.7163829315247655,-0.6589278329561027,-0.7427159019339831,1.019555923274759,2417.0,True,1,0,1,0,0,1,0,0,0,0,0,0,0,1,0,0,0,0,0,0,0,0
289,0.0,1.0,0.7131438225653467,0.6501056228195711,-1.8174300332296407,2.0041869840464517,7442.0,False,1,0,0,0,1,0,0,1,0,0,0,0,0,0,0,0,1,0,0,0,0,0
290,0.0,0.0,-0.44834666513286947,-0.45753807052907597,0.29572981896684936,-0.23729997411491813,6041.0,True,0,1,0,1,0,1,0,0,0,0,0,0,0,0,1,0,0,0,0,0,0,0
291,0.0,1.0,0.26641671191218663,0.34802097917903096,-0.4454739903138355,0.581381169822749,7538.0,False,1,0,0,0,0,0,0,1,0,0,0,0,0,0,0,0,0,0,0,1,0,0
292,0.0,1.0,-0.6270375093941335,-0.6589278329561027,-0.8407850139421507,1.9803757783269669,4916.0,False,1,0,1,0,0,0,0,0,1,0,0,0,0,1,0,0,0,0,0,0,0,0
293,0.0,1.0,0.26641671191218663,0.34802097917903096,-0.6780061933703344,0.31111184285322474,7591.0,False,1,0,0,0,1,0,0,0,1,0,0,0,0,0,0,0,0,0,0,1,0,0
294,0.0,1.0,0.26641671191218663,0.34802097917903096,0.5137309393435212,1.3446178637276063,5875.0,False,0,1,0,0,0,0,1,0,0,0,0,0,0,0,0,0,0,0,0,0,1,0
295,0.0,1.0,0.7131438225653467,0.44871586039254435,1.8711489235436471,-0.8014836793588765,4795.0,False,0,1,0,0,1,0,0,0,0,1,0,0,0,0,0,0,0,0,0,1,0,0
296,0.0,1.0,1.874634310263563,1.959139078595245,-0.6373149762453063,-0.2133865195249259,3846.0,False,1,0,0,0,1,0,0,0,0,0,1,0,0,0,0,0,0,1,0,0,0,0
297,0.0,0.0,-0.35900124300223746,-0.35684318931556264,-1.2244669858050932,1.1616435099540459,3717.0,True,1,0,0,0,0,1,0,0,0,0,0,0,0,0,0,0,0,0,0,0,0,1
298,1.0,0.0,1.1598709332185069,1.2542749101006514,0.29572981896684936,0.07269303904685438,6043.0,False,1,0,0,1,0,0,1,0,0,0,0,0,0,0,0,1,0,0,0,0,0,0
299,0.0,1.0,-0.7163829315247655,-0.6589278329561027,1.252025741673899,-0.02257734604871125,2933.0,False,0,1,0,0,0,0,0,0,0,1,0,0,0,0,0,0,0,0,0,0,0,1
300,0.0,1.0,0.35576213404281865,0.34802097917903096,1.004962455937571,-0.20561560536633905,5099.0,False,0,1,0,1,0,0,1,0,0,0,0,0,0,0,0,0,1,0,0,0,0,0
301,0.0,1.0,-0.26965582087160544,-0.25614830810204925,2.065898916425425,-0.6902369082464797,1817.0,False,0,0,0,0,0,0,0,0,1,0,0,0,0,0,0,0,0,0,0,0,0,1
302,0.0,0.0,-1.9672188413536138,-2.06865616994529,-0.6838242072709468,0.9709877097835928,959.0,True,0,1,1,0,0,0,0,0,0,0,0,1,0,0,0,0,0,0,0,0,0,0
303,0.0,0.0,-1.2524554643085577,-1.3637920014506963,-2.250523267032678,0.629041924588159,3243.0,True,1,0,1,0,0,1,0,0,0,0,0,1,0,0,0,0,0,0,0,0,0,0
304,0.0,0.0,0.5344529783040827,0.5494107416060577,0.8073034561054883,-0.5473568928207581,4660.0,True,1,0,0,1,0,1,0,0,0,0,0,0,0,0,0,1,0,0,0,0,0,0
305,0.0,1.0,-1.3418008864391897,-1.4644868826642097,-2.3138377684259157,0.27313916856842113,2028.0,False,1,0,0,1,0,0,1,0,0,0,0,0,0,1,0,0,0,0,0,0,0,0
306,0.0,1.0,-1.0737646200472937,-1.1624022390236697,0.9264820526019691,1.4399521543672391,3214.0,False,0,1,0,1,0,0,1,0,0,0,0,0,0,0,1,0,0,0,0,0,0,0
307,0.0,1.0,0.35576213404281865,0.44871586039254435,-0.7710246554216151,-0.6903902815522415,7639.0,False,1,0,0,1,0,0,0,0,0,0,1,0,0,0,0,1,0,0,0,0,0,0
308,0.0,1.0,1.1598709332185069,1.153580028887138,0.8625327319461963,0.08073235649052356,4576.0,False,0,1,0,0,1,0,0,0,0,1,0,0,0,0,0,0,0,0,1,0,0,0
309,0.0,1.0,1.427907199610403,1.5563595537411914,0.060288608960043746,0.3189977869911325,7175.0,False,0,1,0,0,1,0,0,0,0,0,1,0,0,0,0,0,0,0,1,0,0,0
310,0.0,1.0,1.427907199610403,1.5563595537411914,0.0777286985901775,-0.34057133332771283,6830.0,False,1,0,0,0,1,0,1,0,0,0,0,0,0,0,0,0,0,1,0,0,0,0
311,0.0,1.0,-1.0737646200472937,-1.1624022390236697,-0.7477665518908694,-0.15768644731584644,4151.0,False,1,0,1,0,0,0,0,0,0,0,1,0,1,0,0,0,0,0,0,0,0,0
312,0.0,1.0,-1.0737646200472937,-1.0617073578101561,1.3365892482724901,0.2834279611632602,1096.0,False,0,1,0,0,0,0,0,1,0,0,0,0,0,0,0,0,0,0,0,0,1,0
313,0.0,0.0,0.6237984004347147,0.6501056228195711,0.8567216940814341,-0.4836558464944498,6883.0,True,0,1,0,1,0,0,0,0,0,0,0,0,0,0,0,1,0,0,0,0,0,0
314,0.0,0.0,0.8918346668266107,0.7508005040330845,0.8363725975009957,-0.47578268346535585,5345.0,True,1,0,0,0,1,0,0,0,0,0,0,0,0,0,0,0,0,0,0,1,0,0
315,0.0,1.0,-0.35900124300223746,-0.35684318931556264,-1.5732687784077681,-0.4519714777458711,6398.0,False,1,0,0,1,0,0,0,0,0,0,1,0,0,0,1,0,0,0,0,0,0,0
316,0.0,0.0,-1.1631100421779257,-1.1624022390236697,-0.6373149762453063,-0.006767114446455583,1011.0,True,1,0,1,0,0,0,0,0,0,0,0,0,0,0,0,0,0,0,0,0,0,0
317,0.0,1.0,0.8024892446959787,0.7508005040330845,0.40681621387494915,-1.3026565181524536,4713.0,False,1,0,0,0,1,0,1,0,0,0,0,0,0,0,0,0,0,0,0,1,0,0
318,0.0,1.0,-0.0909649766103414,-0.0547585456750225,0.531171028973655,0.1919791276029204,4456.0,False,1,0,0,0,0,0,0,1,0,0,0,0,0,0,0,0,0,0,0,0,1,0
319,0.0,1.0,1.338561777479771,1.3549697913141647,0.0021573022048828336,-0.594966523150914,4648.0,False,1,0,0,0,1,0,0,1,0,0,0,0,0,0,0,0,1,0,0,0,0,0
320,0.0,0.0,0.17707128978155465,0.2473260979655176,0.6532516563845913,-1.628101891869705,5511.0,True,1,0,0,0,0,1,0,0,0,0,0,0,0,0,0,0,0,0,0,0,1,0
321,0.0,1.0,-0.8950737757860295,-0.8603175953831295,0.9468241731465603,-1.5009809836109853,4075.0,False,0,1,1,0,0,0,0,0,0,1,0,1,0,0,0,0,0,0,0,0,0,0
322,0.0,1.0,0.6237984004347147,0.6501056228195711,0.9817043524068277,-1.1353901471106416,5260.0,False,0,1,0,1,0,0,0,0,1,0,0,0,0,0,0,1,0,0,0,0,0,0
323,0.0,1.0,1.338561777479771,1.455664672527678,0.14167801924595233,-0.7857756966271283,7013.0,False,0,1,0,0,1,0,1,0,0,0,0,0,0,0,0,0,0,0,1,0,0,0
324,0.0,1.0,0.17707128978155465,0.2473260979655176,-1.0093678963428756,-0.9606596085217657,4803.0,False,1,0,0,1,0,0,0,1,0,0,0,0,0,0,0,1,0,0,0,0,0,0
325,0.0,1.0,0.8918346668266107,0.8514953852465978,0.43525053600791935,-0.4677944904569406,4978.0,False,1,0,0,1,0,0,0,0,1,0,0,0,0,0,0,1,0,0,0,0,0,0
326,0.0,0.0,-0.5376920872635015,-0.45753807052907597,0.5195419772082814,-0.6348563637577376,3510.0,True,0,1,0,0,0,1,0,0,0,0,0,0,0,0,0,0,0,0,0,0,1,0
327,0.0,0.0,-0.8057283536553975,-0.7596227141696161,1.4293356449255432,-1.15146878199798,3786.0,True,0,1,0,0,0,1,0,0,0,0,0,0,0,0,0,0,0,0,0,0,0,0
328,0.0,1.0,-1.0737646200472937,-0.9610124765966428,-0.9550245770553787,-0.6889971406915738,2046.0,False,1,0,1,0,0,0,1,0,0,0,0,0,0,1,0,0,0,0,0,0,0,0
329,0.0,1.0,0.8918346668266107,0.9521902664601112,-0.20131273549196252,0.7959376434743807,5130.0,False,1,0,0,0,1,0,0,0,1,0,0,0,0,0,0,0,0,0,1,0,0,0
330,0.0,1.0,-1.3418008864391897,-1.1624022390236697,0.7288230527698883,-1.858698657082235,1712.0,False,1,0,1,0,0,0,1,0,0,0,0,0,1,0,0,0,0,0,0,0,0,0
